Name,Age,Email,Height
山田太郎,35,taro.yamada@example.com,172
佐藤花子,28,hanako.sato@example.com,158
鈴木一郎,42,ichiro.suzuki@example.com,180
田中美咲,31,misaki.tanaka@example.com,165
高橋健,50,ken.takahashi@example.com,175
中村愛,28,ai.nakamura@example.com,160
小林直樹,39,naoki.kobayashi@example.com,170
加藤優子,35,yuko.kato@example.com,162
伊藤翔,29,sho.ito@example.com,178
渡辺美香,45,mika.watanabe@example.com,167
斉藤亮,42,ryo.saito@example.com,174
長谷川真由,31,mayu.hasegawa@example.com,159
近藤剛,39,tsuyoshi.kondo@example.com,181
大野沙織,45,saori.ohno@example.com,156
三浦翔太,29,shota.miura@example.com,169
石田夏子,50,natsuko.ishida@example.com,163
森本悠,35,yu.morimoto@example.com,176
川口由紀,28,yuki.kawaguchi@example.com,161
岡田大輝,39,daiki.okada@example.com,183
藤田恵,31,megumi.fujita@example.com,157
